<ACE_Svc_Conf>

<!--  -->
<!--  $Id: simple.svcconf.xml 94686 2011-10-08 08:58:02Z msmit $ -->
<!--  -->

<static id="ACE_Service_Manager" params="-d -p 4911"/>

<dynamic id="Test_Task" type="service_object"> &#65; &amp;
  <initializer path="CCM_App" init="_make_Test_Task" params="-p 3000" />
</dynamic>

<streamdef>
  <dynamic id="CCM_App" type="stream" status="active">
    <initializer path="CCM_App" init="make_stream"/>
  </dynamic>
  <module>
    <dynamic id="Device_Adapter" type="module">
      <initializer path="CCM_App" init="make_da"/>
    </dynamic>
    <dynamic id="Event_Analyzer" type="module">
      <initializer path="CCM_App" init="make_ea"/>
    </dynamic>
    <dynamic id="Multicast_Router" type="module">
      <initializer path="CCM_App" init="make_mr" params="-p 3001"/>
    </dynamic>
  </module>
</streamdef>

<stream id="&ccm;">
  <module>
    <remove id="Device_Adapter"/>
    <!-- <remove id="Event_Analyzer"/> -->
    <!-- <remove id="Multicast_Router"/> -->
    <![CDATA[Only a text string.
Do you &amp;expect something more? &#65;]]>
<!-- Noticed that the "&amp;" in the above CDATA section can not be escaped. -->
  </module>
</stream>

<!-- remove CCM_App -->
<remove id="Test_&amp;Task&#x61;bc"/>
</ACE_Svc_Conf>
